cfg_name,model,exptype,diffinit,t,attack_seed,other_seed,attack_index,accuracy_self,epsilon_self,accuracy_other,epsilon_other
cifar10_cnn,cnn_cifar,fsvi,True,4000,51197,71886,12261,0.59035,0.3654124447652953,0.58855,0.35797437880676786
cifar10_cnn,cnn_cifar,vsvi,True,4000,51197,18060,12261,0.59035,0.3654124447652953,0.58885,0.359213370870653
cifar10_cnn,cnn_cifar,fsvi,True,4000,51197,2637,5437,0.58435,0.340656558402069,0.5836,0.3375694799078168
cifar10_cnn,cnn_cifar,vsvi,True,4000,51197,40448,5437,0.58435,0.340656558402069,0.58135,0.3283177364641765
cifar10_cnn,cnn_cifar,fsvi,True,4000,84435,94951,12261,0.60695,0.4345095851040471,0.60995,0.44710205056042446
cifar10_cnn,cnn_cifar,vsvi,True,4000,84435,93072,12261,0.60695,0.4345095851040471,0.6109,0.4510968996652134
cifar10_cnn,cnn_cifar,fsvi,True,4000,84435,68544,5437,0.60935,0.4445807968267579,0.61285,0.4593079929544416
cifar10_cnn,cnn_cifar,vsvi,True,4000,84435,72296,5437,0.60935,0.4445807968267579,0.61285,0.4593079929544416
cifar10_cnn,cnn_cifar,fsvi,True,4000,77255,89680,12261,0.57975,0.3217472038469161,0.5755,0.3043272224105354
cifar10_cnn,cnn_cifar,vsvi,True,4000,77255,9940,12261,0.57975,0.3217472038469161,0.5807,0.3256476182012871
cifar10_cnn,cnn_cifar,fsvi,True,4000,77255,11815,5437,0.581,0.32687983692977335,0.58115,0.3274960384898988
cifar10_cnn,cnn_cifar,vsvi,True,4000,77255,34726,5437,0.581,0.32687983692977335,0.58135,0.3283177364641765
cifar10_cnn,cnn_cifar,fsvi,True,4000,33916,90981,12261,0.5902,0.3647922267040394,0.5806,0.32523693312271
cifar10_cnn,cnn_cifar,vsvi,True,4000,33916,21872,12261,0.5902,0.3647922267040394,0.58965,0.3625186864602583
cifar10_cnn,cnn_cifar,fsvi,True,4000,33916,9731,5437,0.5975,0.39505918694704784,0.59395,0.38031883600712857
cifar10_cnn,cnn_cifar,vsvi,True,4000,33916,4587,5437,0.5975,0.39505918694704784,0.57745,0.3123140755706052
cifar10_cnn,cnn_cifar,fsvi,True,4000,2506,60242,12261,0.60205,0.4140141290863696,0.6049,0.42592425769552344
cifar10_cnn,cnn_cifar,vsvi,True,4000,2506,80051,12261,0.60205,0.4140141290863696,0.60305,0.4181897838581295
cifar10_cnn,cnn_cifar,fsvi,True,4000,2506,76078,5437,0.5974,0.3946433925763185,0.59825,0.39817872217086053
cifar10_cnn,cnn_cifar,vsvi,True,4000,2506,32305,5437,0.5974,0.3946433925763185,0.60025,0.40650688338729873
cifar10_cnn,cnn_cifar,fsvi,True,4000,6603,75701,12261,0.58385,0.3385983283296197,0.5845,0.34127416661662036
cifar10_cnn,cnn_cifar,vsvi,True,4000,6603,1693,12261,0.58385,0.3385983283296197,0.5839,0.33880411930059623
cifar10_cnn,cnn_cifar,fsvi,True,4000,6603,34726,5437,0.58725,0.352608540738785,0.58695,0.3513709863160168
cifar10_cnn,cnn_cifar,vsvi,True,4000,6603,29249,5437,0.58725,0.352608540738785,0.5868,0.3507523090233431
cifar10_cnn,cnn_cifar,fsvi,True,4000,52684,6582,12261,0.58455,0.34148005034183765,0.5809,0.3264690700674609
cifar10_cnn,cnn_cifar,vsvi,True,4000,52684,83746,12261,0.58455,0.34148005034183765,0.5816,0.3293450134685965
cifar10_cnn,cnn_cifar,fsvi,True,4000,52684,25682,5437,0.58675,0.35054609802999925,0.5858,0.34662948543214933
cifar10_cnn,cnn_cifar,vsvi,True,4000,52684,21522,5437,0.58675,0.35054609802999925,0.5855,0.3453932084624224
cifar10_cnn,cnn_cifar,fsvi,True,4000,98088,85746,12261,0.57305,0.29430606258909286,0.5711,0.28634053414798266
cifar10_cnn,cnn_cifar,vsvi,True,4000,98088,70518,12261,0.57305,0.29430606258909286,0.57195,0.28981156378318756
cifar10_cnn,cnn_cifar,fsvi,True,4000,98088,19727,5437,0.56055,0.2433944995889483,0.55995,0.24095913720888165
cifar10_cnn,cnn_cifar,vsvi,True,4000,98088,72911,5437,0.56055,0.2433944995889483,0.55515,0.2215012008094985
cifar10_cnn,cnn_cifar,fsvi,True,4000,30158,62875,12261,0.59395,0.38031883600712857,0.5897,0.36272533355831804
cifar10_cnn,cnn_cifar,vsvi,True,4000,30158,16593,12261,0.59395,0.38031883600712857,0.5934,0.37803880666247536
cifar10_cnn,cnn_cifar,fsvi,True,4000,30158,38566,5437,0.5906,0.36644629608263324,0.58995,0.3637586840635079
cifar10_cnn,cnn_cifar,vsvi,True,4000,30158,19679,5437,0.5906,0.36644629608263324,0.5934,0.37803880666247536
cifar10_cnn,cnn_cifar,vsvi,True,4000,49615,49122,12261,0.5897,0.36272533355831804,0.59185,0.3716184705025375
cifar10_cnn,cnn_cifar,fsvi,True,4000,49615,79427,12261,0.5897,0.36272533355831804,0.58685,0.3509585273989394
cifar10_cnn,cnn_cifar,fsvi,True,4000,49615,91877,5437,0.5758,0.3055553360474934,0.57365,0.29675884905709343
cifar10_cnn,cnn_cifar,vsvi,True,4000,49615,96385,5437,0.5758,0.3055553360474934,0.57545,0.3041225589691277
cifar10_cnn,cnn_cifar,fsvi,True,4000,38963,76078,12261,0.56925,0.27879182953581017,0.5646,0.2598523670189419
cifar10_cnn,cnn_cifar,vsvi,True,4000,38963,46674,12261,0.56925,0.27879182953581017,0.56395,0.257208679412931
cifar10_cnn,cnn_cifar,vsvi,True,4000,38963,27586,5437,0.57625,0.3073979356161984,0.5601,0.24156791086111268
cifar10_cnn,cnn_cifar,fsvi,True,4000,38963,9694,5437,0.57625,0.3073979356161984,0.57365,0.29675884905709343
cifar10_cnn,cnn_cifar,fsvi,True,4000,60752,28082,12261,0.5953,0.3859194282775247,0.59885,0.4006757271938508
cifar10_cnn,cnn_cifar,vsvi,True,4000,60752,54208,12261,0.5953,0.3859194282775247,0.60005,0.4056734457826194
cifar10_cnn,cnn_cifar,vsvi,True,4000,60752,72296,5437,0.59155,0.37037670291179364,0.5987,0.4000513606584354
cifar10_cnn,cnn_cifar,fsvi,True,4000,60752,28082,5437,0.59155,0.37037670291179364,0.59575,0.3877876175216353
cifar10_cnn,cnn_cifar,vsvi,True,4000,50627,4149,12261,0.59965,0.40400698715908734,0.5978,0.3963067725112859
cifar10_cnn,cnn_cifar,fsvi,True,4000,50627,79923,12261,0.59965,0.40400698715908734,0.599,0.4013001708088801
cifar10_cnn,cnn_cifar,vsvi,True,4000,50627,70972,5437,0.59955,0.403590459055751,0.6002,0.4062985109399669
cifar10_cnn,cnn_cifar,fsvi,True,4000,50627,92274,5437,0.59955,0.403590459055751,0.59675,0.3919415482136213
cifar10_cnn,cnn_cifar,vsvi,True,4000,91611,29249,12261,0.5866,0.34992750929568284,0.58285,0.3344839940177577
cifar10_cnn,cnn_cifar,fsvi,True,4000,91611,22756,12261,0.5866,0.34992750929568284,0.5805,0.3248262752306854
cifar10_cnn,cnn_cifar,vsvi,True,4000,91611,97560,5437,0.6115,0.4536217853195251,0.61475,0.467323206896077
cifar10_cnn,cnn_cifar,fsvi,True,4000,91611,9071,5437,0.6115,0.4536217853195251,0.61545,0.4702798880532422
cifar10_cnn,cnn_cifar,vsvi,True,4000,84444,18602,12261,0.60065,0.40817417680398627,0.6029,0.417563207358154
cifar10_cnn,cnn_cifar,fsvi,True,4000,84444,76729,12261,0.60065,0.40817417680398627,0.5998,0.4046318441652756
cifar10_cnn,cnn_cifar,fsvi,True,4000,84444,28853,5437,0.6027,0.4167278976684452,0.60385,0.4215328953101333
cifar10_cnn,cnn_cifar,vsvi,True,4000,84444,28896,5437,0.6027,0.4167278976684452,0.6059,0.4301102717499854
cifar10_cnn,cnn_cifar,vsvi,True,4000,9694,68544,12261,0.5997,0.4042152641759362,0.6027,0.4167278976684452
cifar10_cnn,cnn_cifar,fsvi,True,4000,9694,55974,12261,0.5997,0.4042152641759362,0.602,0.4138054400243832
cifar10_cnn,cnn_cifar,vsvi,True,4000,9694,15795,5437,0.5961,0.3892411156565135,0.59555,0.38695722886294837
cifar10_cnn,cnn_cifar,fsvi,True,4000,9694,15124,5437,0.5961,0.3892411156565135,0.59535,0.38612697195547346
cifar10_cnn,cnn_cifar,fsvi,True,4000,28127,97213,12261,0.5883,0.3569420930945515,0.58855,0.35797437880676786
cifar10_cnn,cnn_cifar,vsvi,True,4000,28127,15984,12261,0.5883,0.3569420930945515,0.58825,0.35673565854972233
cifar10_cnn,cnn_cifar,fsvi,True,4000,28127,96385,5437,0.5981,0.39755466259535577,0.60215,0.41443153388294485
cifar10_cnn,cnn_cifar,vsvi,True,4000,28127,9301,5437,0.5981,0.39755466259535577,0.59535,0.38612697195547346
cifar10_cnn,cnn_cifar,vsvi,True,4000,35296,32358,12261,0.57255,0.2922627453871057,0.5721,0.29042427785171215
cifar10_cnn,cnn_cifar,fsvi,True,4000,35296,18602,12261,0.57255,0.2922627453871057,0.5699,0.28144316705126315
cifar10_cnn,cnn_cifar,vsvi,True,4000,35296,12397,5437,0.59125,0.36913521759467977,0.58965,0.3625186864602583
cifar10_cnn,cnn_cifar,fsvi,True,4000,35296,57357,5437,0.59125,0.36913521759467977,0.589,0.35983296915535207
cifar10_cnn,cnn_cifar,vsvi,True,4000,79993,71441,12261,0.5895,0.36189879108494283,0.5889,0.3594198960466923
cifar10_cnn,cnn_cifar,fsvi,True,4000,79993,53741,12261,0.5895,0.36189879108494283,0.58555,0.3455992364506111
cifar10_cnn,cnn_cifar,vsvi,True,4000,79993,10860,5437,0.5818,0.330166959066568,0.57685,0.3098555412571835
cifar10_cnn,cnn_cifar,fsvi,True,4000,79993,6467,5437,0.5818,0.330166959066568,0.5867,0.35033989441412755
cifar10_cnn,cnn_cifar,vsvi,True,4000,55289,2506,12261,0.57805,0.3147735465173549,0.57285,0.2934886627420071
cifar10_cnn,cnn_cifar,fsvi,True,4000,55289,4980,12261,0.57805,0.3147735465173549,0.57545,0.3041225589691277
cifar10_cnn,cnn_cifar,vsvi,True,4000,55289,64007,5437,0.5935,0.3784532850618576,0.59695,0.39277273406178725
cifar10_cnn,cnn_cifar,fsvi,True,4000,55289,24898,5437,0.5935,0.3784532850618576,0.5948,0.3838444422114717
cifar10_cnn,cnn_cifar,vsvi,True,4000,94698,27476,12261,0.5948,0.3838444422114717,0.5927,0.37513835413942564
cifar10_cnn,cnn_cifar,fsvi,True,4000,94698,94104,12261,0.5948,0.3838444422114717,0.59595,0.38861813824926095
cifar10_cnn,cnn_cifar,vsvi,True,4000,94698,27943,5437,0.5905,0.366032732344293,0.5908,0.3672735165797534
cifar10_cnn,cnn_cifar,fsvi,True,4000,94698,15984,5437,0.5905,0.366032732344293,0.5888,0.3590068532737111
cifar10_cnn,cnn_cifar,vsvi,True,4000,4587,68544,12261,0.5808,0.3260583305037539,0.5767,0.30924105309448896
cifar10_cnn,cnn_cifar,fsvi,True,4000,4587,49122,12261,0.5808,0.3260583305037539,0.57865,0.31723396207572446
cifar10_cnn,cnn_cifar,vsvi,True,4000,4587,54584,5437,0.5009,0.0036000038880076293,0.5,0.0
cifar10_cnn,cnn_cifar,fsvi,True,4000,4587,54224,5437,0.5009,0.0036000038880076293,0.5,0.0
cifar10_cnn,cnn_cifar,vsvi,True,4000,95436,15275,12261,0.57215,0.2906285278996601,0.57265,0.29267136023169826
cifar10_cnn,cnn_cifar,fsvi,True,4000,95436,75701,12261,0.57215,0.2906285278996601,0.56965,0.2804233060486412
cifar10_cnn,cnn_cifar,vsvi,True,4000,95436,32358,5437,0.5929,0.3759668952043888,0.5949,0.384259373985215
cifar10_cnn,cnn_cifar,fsvi,True,4000,95436,67594,5437,0.5929,0.3759668952043888,0.59455,0.3828072554930215
cifar10_cnn,cnn_cifar,vsvi,True,4000,72129,13432,12261,0.5797,0.3215419863346161,0.5765,0.30842182561700476
cifar10_cnn,cnn_cifar,fsvi,True,4000,72129,36094,12261,0.5797,0.3215419863346161,0.5793,0.31990048750610345
cifar10_cnn,cnn_cifar,vsvi,True,4000,72129,76450,5437,0.58915,0.3604526357821526,0.5893,0.361072370881355
cifar10_cnn,cnn_cifar,fsvi,True,4000,72129,1830,5437,0.58915,0.3604526357821526,0.58915,0.3604526357821526
cifar10_cnn,cnn_cifar,vsvi,True,4000,1426,75200,12261,0.58095,0.3266744500839555,0.58045,0.3246209564679664
cifar10_cnn,cnn_cifar,fsvi,True,4000,1426,54208,12261,0.58095,0.3266744500839555,0.581,0.32687983692977335
cifar10_cnn,cnn_cifar,fsvi,True,4000,1426,8390,5437,0.57605,0.3065789387340504,0.575,0.3022808718729335
cifar10_cnn,cnn_cifar,vsvi,True,4000,1426,60255,5437,0.57605,0.3065789387340504,0.57545,0.3041225589691277
cifar10_cnn,cnn_cifar,vsvi,True,4000,3207,9694,12261,0.5771,0.31087981723847763,0.5703,0.2830752473815438
cifar10_cnn,cnn_cifar,fsvi,True,4000,3207,17485,12261,0.5771,0.31087981723847763,0.57375,0.2971677327770283
cifar10_cnn,cnn_cifar,vsvi,True,4000,3207,78404,5437,0.5794,0.3203108220666506,0.57785,0.3139536183059414
cifar10_cnn,cnn_cifar,fsvi,True,4000,3207,96502,5437,0.5794,0.3203108220666506,0.5767,0.30924105309448896
cifar10_cnn,cnn_cifar,fsvi,True,4000,72085,6066,12261,0.60725,0.43576729074655113,0.6103,0.4485734272057856
cifar10_cnn,cnn_cifar,vsvi,True,4000,72085,1297,12261,0.60725,0.43576729074655113,0.60945,0.44500090904553935
cifar10_cnn,cnn_cifar,vsvi,True,4000,72085,47621,5437,0.6005,0.407548876313709,0.6018,0.4129707725658489
cifar10_cnn,cnn_cifar,fsvi,True,4000,72085,70972,5437,0.6005,0.407548876313709,0.6014,0.4113018627757345
cifar10_cnn,cnn_cifar,vsvi,True,4000,59530,68585,12261,0.5987,0.4000513606584354,0.5956,0.3871648136635377
cifar10_cnn,cnn_cifar,fsvi,True,4000,59530,83745,12261,0.5987,0.4000513606584354,0.60125,0.41067616732091644
cifar10_cnn,cnn_cifar,vsvi,True,4000,59530,75534,5437,0.59065,0.3666530895720718,0.58985,0.3633453208390925
cifar10_cnn,cnn_cifar,fsvi,True,4000,59530,15795,5437,0.59065,0.3666530895720718,0.5878,0.3548780855284583
cifar10_cnn,cnn_cifar,vsvi,True,4000,42393,22141,12261,0.59365,0.37907506291258747,0.5982,0.3979706938150135
cifar10_cnn,cnn_cifar,fsvi,True,4000,42393,4385,12261,0.59365,0.37907506291258747,0.5965,0.3909027538279675
cifar10_cnn,cnn_cifar,vsvi,True,4000,42393,66413,5437,0.59215,0.37286052142091447,0.59395,0.38031883600712857
cifar10_cnn,cnn_cifar,fsvi,True,4000,42393,36094,5437,0.59215,0.37286052142091447,0.59055,0.36623951034165897
cifar10_cnn,cnn_cifar,vsvi,True,4000,62875,75316,12261,0.6108,0.45067622303262744,0.61295,0.4597294828902807
cifar10_cnn,cnn_cifar,fsvi,True,4000,62875,60242,12261,0.6108,0.45067622303262744,0.6133,0.46120501401868647
cifar10_cnn,cnn_cifar,vsvi,True,4000,62875,38678,5437,0.61955,0.4876386454399704,0.62015,0.49018494631210785
cifar10_cnn,cnn_cifar,fsvi,True,4000,62875,52022,5437,0.61955,0.4876386454399704,0.6218,0.4971953414002964
cifar10_cnn,cnn_cifar,vsvi,True,4000,76936,17148,12261,0.59455,0.3828072554930215,0.5946,0.3830146765460978
cifar10_cnn,cnn_cifar,fsvi,True,4000,76936,33916,12261,0.59455,0.3828072554930215,0.59505,0.38488183293344985
cifar10_cnn,cnn_cifar,vsvi,True,4000,76936,49036,5437,0.5879,0.35529082706343745,0.5881,0.35611640002387507
cifar10_cnn,cnn_cifar,fsvi,True,4000,76936,94433,5437,0.5879,0.35529082706343745,0.5874,0.3532274181273684
cifar10_cnn,cnn_cifar,vsvi,True,4000,64880,45569,12261,0.59095,0.3678940134985423,0.5852,0.3441571927905972
cifar10_cnn,cnn_cifar,fsvi,True,4000,64880,8390,12261,0.59095,0.3678940134985423,0.5895,0.36189879108494283
cifar10_cnn,cnn_cifar,vsvi,True,4000,64880,95438,5437,0.5871,0.35198973017809554,0.58715,0.3521959929476524
cifar10_cnn,cnn_cifar,fsvi,True,4000,64880,49036,5437,0.5871,0.35198973017809554,0.5875,0.3536400402435784
cifar10_cnn,cnn_cifar,vsvi,True,4000,68004,94698,12261,0.60535,0.42780750699933817,0.60965,0.445841249439974
cifar10_cnn,cnn_cifar,fsvi,True,4000,68004,97213,12261,0.60535,0.42780750699933817,0.60855,0.4412212849666429
cifar10_cnn,cnn_cifar,vsvi,True,4000,68004,70972,5437,0.60835,0.44038179042021036,0.6118,0.4548847609818932
cifar10_cnn,cnn_cifar,fsvi,True,4000,68004,37792,5437,0.60835,0.44038179042021036,0.6129,0.45951873290808365
cifar10_cnn,cnn_cifar,fsvi,True,4000,67907,28854,12261,0.59885,0.4006757271938508,0.6037,0.4209058856059912
cifar10_cnn,cnn_cifar,vsvi,True,4000,67907,63987,12261,0.59885,0.4006757271938508,0.59895,0.40109201436440634
cifar10_cnn,cnn_cifar,fsvi,True,4000,67907,9071,5437,0.5955,0.3867496522968085,0.59585,0.38820286135696175
cifar10_cnn,cnn_cifar,vsvi,True,4000,67907,11815,5437,0.5955,0.3867496522968085,0.5953,0.3859194282775247
cifar10_cnn,cnn_cifar,vsvi,True,4000,99750,80368,12261,0.57975,0.3217472038469161,0.5793,0.31990048750610345
cifar10_cnn,cnn_cifar,fsvi,True,4000,99750,22406,12261,0.57975,0.3217472038469161,0.5788,0.3178492144975083
cifar10_cnn,cnn_cifar,vsvi,True,4000,99750,21360,5437,0.5849,0.342921437389987,0.58165,0.32955048952116783
cifar10_cnn,cnn_cifar,fsvi,True,4000,99750,58881,5437,0.5849,0.342921437389987,0.5788,0.3178492144975083
cifar10_cnn,cnn_cifar,vsvi,True,4000,52358,68781,12261,0.6088,0.44227086838681384,0.6103,0.4485734272057856
cifar10_cnn,cnn_cifar,fsvi,True,4000,52358,34975,12261,0.6088,0.44227086838681384,0.6098,0.44647160636514355
cifar10_cnn,cnn_cifar,vsvi,True,4000,52358,6200,5437,0.59745,0.3948512855497733,0.59595,0.38861813824926095
cifar10_cnn,cnn_cifar,fsvi,True,4000,52358,6066,5437,0.59745,0.3948512855497733,0.5968,0.3921493321323923
cifar10_cnn,cnn_cifar,vsvi,True,4000,75200,4587,12261,0.5844,0.34086242065147215,0.587,0.3515772268670635
cifar10_cnn,cnn_cifar,fsvi,True,4000,75200,97389,12261,0.5844,0.34086242065147215,0.5838,0.33839254446048017
cifar10_cnn,cnn_cifar,vsvi,True,4000,75200,3236,5437,0.6065,0.4326236605266471,0.61055,0.44962470291307344
cifar10_cnn,cnn_cifar,fsvi,True,4000,75200,58197,5437,0.6065,0.4326236605266471,0.6078,0.4380739667204468
cifar10_cnn,cnn_cifar,vsvi,True,4000,40068,38705,12261,0.57405,0.2983945320509712,0.5694,0.27940358991367453
cifar10_cnn,cnn_cifar,fsvi,True,4000,40068,67950,12261,0.57405,0.2983945320509712,0.56585,0.2649389289052963
cifar10_cnn,cnn_cifar,vsvi,True,4000,40068,79993,5437,0.57585,0.3057600438611726,0.57585,0.3057600438611726
cifar10_cnn,cnn_cifar,fsvi,True,4000,40068,93296,5437,0.57585,0.3057600438611726,0.5709,0.28552407097273436
cifar10_cnn,cnn_cifar,vsvi,True,4000,66987,18792,12261,0.5932,0.3772099460893719,0.5933,0.37762436035141894
cifar10_cnn,cnn_cifar,fsvi,True,4000,66987,32305,12261,0.5932,0.3772099460893719,0.5971,0.39339621135564506
cifar10_cnn,cnn_cifar,vsvi,True,4000,66987,45637,5437,0.5829,0.3346896438486044,0.57815,0.3151835499633353
cifar10_cnn,cnn_cifar,fsvi,True,4000,66987,36531,5437,0.5829,0.3346896438486044,0.57865,0.31723396207572446
cifar10_cnn,cnn_cifar,vsvi,True,4000,24707,19556,12261,0.6026,0.41631029657848445,0.603,0.41798091603999493
cifar10_cnn,cnn_cifar,fsvi,True,4000,24707,67950,12261,0.6026,0.41631029657848445,0.60285,0.4173543664841788
cifar10_cnn,cnn_cifar,vsvi,True,4000,24707,94433,5437,0.598,0.3971386653316105,0.5989,0.40088386649440944
cifar10_cnn,cnn_cifar,fsvi,True,4000,24707,8390,5437,0.598,0.3971386653316105,0.5991,0.40171650944141785
cifar10_cnn,cnn_cifar,vsvi,True,4000,8688,23523,12261,0.59835,0.398594804399704,0.5985,0.3992189916112116
cifar10_cnn,cnn_cifar,fsvi,True,4000,8688,93296,12261,0.59835,0.398594804399704,0.5976,0.39547501503307825
cifar10_cnn,cnn_cifar,vsvi,True,4000,8688,22406,5437,0.58735,0.3530211182312019,0.5861,0.3478660247276966
cifar10_cnn,cnn_cifar,fsvi,True,4000,8688,94698,5437,0.58735,0.3530211182312019,0.5891,0.3602460726382774
cifar10_cnn,cnn_cifar,vsvi,True,4000,28082,1693,12261,0.591,0.3681008613632963,0.59075,0.36706669981577295
cifar10_cnn,cnn_cifar,fsvi,True,4000,28082,97213,12261,0.591,0.3681008613632963,0.59235,0.3736887132918485
cifar10_cnn,cnn_cifar,vsvi,True,4000,28082,9930,5437,0.58445,0.341068290054744,0.58265,0.33366146472252667
cifar10_cnn,cnn_cifar,fsvi,True,4000,28082,18060,5437,0.58445,0.341068290054744,0.5838,0.33839254446048017
cifar10_cnn,cnn_cifar,vsvi,True,4000,15795,54447,12261,0.613,0.4599402429064296,0.6147,0.46711209228085204
cifar10_cnn,cnn_cifar,fsvi,True,4000,15795,4149,12261,0.613,0.4599402429064296,0.61305,0.4601510129619278
cifar10_cnn,cnn_cifar,vsvi,True,4000,15795,73319,5437,0.60635,0.4319951874723243,0.6039,0.42174191668598454
cifar10_cnn,cnn_cifar,fsvi,True,4000,15795,92360,5437,0.60635,0.4319951874723243,0.60665,0.4332522177226306
cifar10_cnn,cnn_cifar,vsvi,True,4000,96385,9930,12261,0.595,0.38467433843909055,0.5955,0.3867496522968085
cifar10_cnn,cnn_cifar,fsvi,True,4000,96385,35423,12261,0.595,0.38467433843909055,0.59635,0.3902795771836537
cifar10_cnn,cnn_cifar,vsvi,True,4000,96385,25682,5437,0.59305,0.37658838470223416,0.5929,0.3759668952043888
cifar10_cnn,cnn_cifar,fsvi,True,4000,96385,60994,5437,0.59305,0.37658838470223416,0.59295,0.37617405039081736
cifar10_cnn,cnn_cifar,fsvi,True,4000,9731,57160,12261,0.5927,0.37513835413942564,0.59475,0.38363698856728157
cifar10_cnn,cnn_cifar,vsvi,True,4000,9731,2674,12261,0.5927,0.37513835413942564,0.59455,0.3828072554930215
cifar10_cnn,cnn_cifar,vsvi,True,4000,9731,84435,5437,0.5978,0.3963067725112859,0.5973,0.3942276318808521
cifar10_cnn,cnn_cifar,fsvi,True,4000,9731,80368,5437,0.5978,0.3963067725112859,0.60045,0.4073404602862207
cifar10_cnn,cnn_cifar,vsvi,True,4000,6582,32985,12261,0.59375,0.3794896217049037,0.59385,0.37990421272328645
cifar10_cnn,cnn_cifar,fsvi,True,4000,6582,68004,12261,0.59375,0.3794896217049037,0.5928,0.3755526087455641
cifar10_cnn,cnn_cifar,fsvi,True,4000,6582,79377,5437,0.59435,0.3819776525855595,0.5969,0.392564925051484
cifar10_cnn,cnn_cifar,vsvi,True,4000,6582,28648,5437,0.59435,0.3819776525855595,0.59335,0.3778315794983641
cifar10_cnn,cnn_cifar,vsvi,True,4000,53741,5779,12261,0.5964,0.3904872944111296,0.5983,0.3983867590307498
cifar10_cnn,cnn_cifar,fsvi,True,4000,53741,94589,12261,0.5964,0.3904872944111296,0.5967,0.39173377264871384
cifar10_cnn,cnn_cifar,fsvi,True,4000,53741,48704,5437,0.5828,0.3342783511944324,0.58185,0.3303724627265511
cifar10_cnn,cnn_cifar,vsvi,True,4000,53741,9366,5437,0.5828,0.3342783511944324,0.58075,0.3258529709472002
cifar10_cnn,cnn_cifar,vsvi,True,4000,80368,17191,12261,0.5879,0.35529082706343745,0.58575,0.34642342108123264
cifar10_cnn,cnn_cifar,fsvi,True,4000,80368,49615,12261,0.5879,0.35529082706343745,0.5875,0.3536400402435784
cifar10_cnn,cnn_cifar,vsvi,True,4000,80368,97389,5437,0.5605,0.24319152538698288,0.5559,0.22453865966136705
cifar10_cnn,cnn_cifar,fsvi,True,4000,80368,67950,5437,0.5605,0.24319152538698288,0.5518,0.20794610041635883
cifar10_cnn,cnn_cifar,vsvi,True,4000,63987,94698,12261,0.5872,0.3524022631329531,0.5916,0.37058364454613424
cifar10_cnn,cnn_cifar,fsvi,True,4000,63987,91199,12261,0.5872,0.3524022631329531,0.5915,0.370169769118384
cifar10_cnn,cnn_cifar,vsvi,True,4000,63987,79923,5437,0.58955,0.3621054152284073,0.58965,0.3625186864602583
cifar10_cnn,cnn_cifar,fsvi,True,4000,63987,66051,5437,0.58955,0.3621054152284073,0.58955,0.3621054152284073
cifar10_cnn,cnn_cifar,vsvi,True,4000,29249,91199,12261,0.5958,0.38799523530966123,0.6038,0.4213238830082879
cifar10_cnn,cnn_cifar,fsvi,True,4000,29249,55974,12261,0.5958,0.38799523530966123,0.59845,0.39901092068490834
cifar10_cnn,cnn_cifar,vsvi,True,4000,29249,6582,5437,0.58955,0.3621054152284073,0.59065,0.3666530895720718
cifar10_cnn,cnn_cifar,fsvi,True,4000,29249,99750,5437,0.58955,0.3621054152284073,0.5931,0.3767955638370365
cifar10_cnn,cnn_cifar,vsvi,True,4000,32305,63987,12261,0.57525,0.303303968363434,0.57205,0.2902200338193339
cifar10_cnn,cnn_cifar,fsvi,True,4000,32305,75200,12261,0.57525,0.303303968363434,0.57295,0.2938973504803008
cifar10_cnn,cnn_cifar,vsvi,True,4000,32305,60242,5437,0.5748,0.30146250773707695,0.5734,0.2957367474120194
cifar10_cnn,cnn_cifar,fsvi,True,4000,32305,8390,5437,0.5748,0.30146250773707695,0.57235,0.29144558833769474
cifar10_cnn,cnn_cifar,fsvi,True,4000,46642,43545,12261,0.5872,0.3524022631329531,0.5872,0.3524022631329531
cifar10_cnn,cnn_cifar,vsvi,True,4000,46642,72657,12261,0.5872,0.3524022631329531,0.58675,0.35054609802999925
cifar10_cnn,cnn_cifar,vsvi,True,4000,46642,55974,5437,0.5903,0.36520569769381844,0.5877,0.3544653739057504
cifar10_cnn,cnn_cifar,fsvi,True,4000,46642,69472,5437,0.5903,0.36520569769381844,0.59155,0.37037670291179364
cifar10_cnn,cnn_cifar,vsvi,True,4000,23091,83745,12261,0.59515,0.38529684648176526,0.59675,0.3919415482136213
cifar10_cnn,cnn_cifar,fsvi,True,4000,23091,85270,12261,0.59515,0.38529684648176526,0.59535,0.38612697195547346
cifar10_cnn,cnn_cifar,vsvi,True,4000,23091,54447,5437,0.60145,0.4115104455661496,0.60425,0.42320532082247064
cifar10_cnn,cnn_cifar,fsvi,True,4000,23091,77375,5437,0.60145,0.4115104455661496,0.6054,0.42801680299910344
cifar10_cnn,cnn_cifar,fsvi,True,4000,75316,80051,12261,0.5763,0.3076027008101072,0.57265,0.29267136023169826
cifar10_cnn,cnn_cifar,vsvi,True,4000,75316,38566,12261,0.5763,0.3076027008101072,0.5728,0.29328432800045073
cifar10_cnn,cnn_cifar,vsvi,True,4000,75316,28854,5437,0.52885,0.11552832312129686,0.51705,0.0682264530056791
cifar10_cnn,cnn_cifar,fsvi,True,4000,75316,28854,5437,0.52885,0.11552832312129686,0.51705,0.0682264530056791
cifar10_cnn,cnn_cifar,fsvi,True,4000,93296,57160,12261,0.5981,0.39755466259535577,0.5969,0.392564925051484
cifar10_cnn,cnn_cifar,vsvi,True,4000,93296,27476,12261,0.5981,0.39755466259535577,0.5972,0.39381190482062794
cifar10_cnn,cnn_cifar,vsvi,True,4000,93296,19727,5437,0.5968,0.3921493321323923,0.6003,0.40671526454051926
cifar10_cnn,cnn_cifar,fsvi,True,4000,93296,55974,5437,0.5968,0.3921493321323923,0.59775,0.3960988204659416
cifar10_cnn,cnn_cifar,vsvi,True,4000,56886,99750,12261,0.6033,0.4192342579264313,0.60635,0.4319951874723243
cifar10_cnn,cnn_cifar,fsvi,True,4000,56886,59329,12261,0.6033,0.4192342579264313,0.60545,0.42822610823333146
cifar10_cnn,cnn_cifar,fsvi,True,4000,56886,46642,5437,0.60015,0.4060901471934547,0.60335,0.41944317977159806
cifar10_cnn,cnn_cifar,vsvi,True,4000,56886,9366,5437,0.60015,0.4060901471934547,0.5988,0.40046759645769275
cifar10_cnn,cnn_cifar,fsvi,True,4000,5689,68585,12261,0.58125,0.32790687376229005,0.57985,0.322157659028485
cifar10_cnn,cnn_cifar,vsvi,True,4000,5689,59329,12261,0.58125,0.32790687376229005,0.58175,0.32996146231546775
cifar10_cnn,cnn_cifar,vsvi,True,4000,5689,52484,5437,0.6052,0.42717967435487414,0.6066,0.43304268929952217
cifar10_cnn,cnn_cifar,fsvi,True,4000,5689,50072,5437,0.6052,0.42717967435487414,0.6065,0.4326236605266471
cifar10_cnn,cnn_cifar,vsvi,True,4000,77375,68544,12261,0.5812,0.32770145269974627,0.58095,0.3266744500839555
cifar10_cnn,cnn_cifar,fsvi,True,4000,77375,30158,12261,0.5812,0.32770145269974627,0.58045,0.3246209564679664
cifar10_cnn,cnn_cifar,vsvi,True,4000,77375,94459,5437,0.594,0.3805261597609122,0.592,0.3722394604798438
cifar10_cnn,cnn_cifar,fsvi,True,4000,77375,5779,5437,0.594,0.3805261597609122,0.59515,0.38529684648176526
cifar10_cnn,cnn_cifar,vsvi,True,4000,48704,28317,12261,0.5886,0.3581808585805157,0.58765,0.3542590292994987
cifar10_cnn,cnn_cifar,fsvi,True,4000,48704,46642,12261,0.5886,0.3581808585805157,0.5884,0.3573549847673881
cifar10_cnn,cnn_cifar,vsvi,True,4000,48704,44242,5437,0.5965,0.3909027538279675,0.59695,0.39277273406178725
cifar10_cnn,cnn_cifar,fsvi,True,4000,48704,2637,5437,0.5965,0.3909027538279675,0.6012,0.41046761979113594
cifar10_cnn,cnn_cifar,vsvi,True,4000,12397,3228,12261,0.58575,0.34642342108123264,0.5806,0.32523693312271
cifar10_cnn,cnn_cifar,fsvi,True,4000,12397,57873,12261,0.58575,0.34642342108123264,0.5788,0.3178492144975083
cifar10_cnn,cnn_cifar,fsvi,True,4000,12397,91199,5437,0.5904,0.3656191995609649,0.591,0.3681008613632963
cifar10_cnn,cnn_cifar,vsvi,True,4000,12397,22406,5437,0.5904,0.3656191995609649,0.5863,0.3486905305028037
cifar10_cnn,cnn_cifar,vsvi,True,4000,81886,54584,12261,0.6062,0.4313667984186774,0.6083,0.44017194065487386
cifar10_cnn,cnn_cifar,fsvi,True,4000,81886,66987,12261,0.6062,0.4313667984186774,0.606,0.4305290767713805
cifar10_cnn,cnn_cifar,fsvi,True,4000,81886,3228,5437,0.58625,0.3484843930692167,0.57735,0.3119042550229283
cifar10_cnn,cnn_cifar,vsvi,True,4000,81886,57676,5437,0.58625,0.3484843930692167,0.57985,0.322157659028485
cifar10_cnn,cnn_cifar,vsvi,True,4000,79427,32305,12261,0.5967,0.39173377264871384,0.59965,0.40400698715908734
cifar10_cnn,cnn_cifar,fsvi,True,4000,79427,70972,12261,0.5967,0.39173377264871384,0.6004,0.40713205298490857
cifar10_cnn,cnn_cifar,vsvi,True,4000,79427,96079,5437,0.60345,0.41986105053457845,0.603,0.41798091603999493
cifar10_cnn,cnn_cifar,fsvi,True,4000,79427,95438,5437,0.60345,0.41986105053457845,0.60595,0.4303196696148378
cifar10_cnn,cnn_cifar,vsvi,True,4000,78404,30546,12261,0.58445,0.341068290054744,0.5825,0.33304464114894544
cifar10_cnn,cnn_cifar,fsvi,True,4000,78404,17485,12261,0.58445,0.341068290054744,0.5837,0.3379809980088156
cifar10_cnn,cnn_cifar,vsvi,True,4000,78404,39284,5437,0.58135,0.3283177364641765,0.58255,0.3332502420259408
cifar10_cnn,cnn_cifar,fsvi,True,4000,78404,94951,5437,0.58135,0.3283177364641765,0.58255,0.3332502420259408
cifar10_cnn,cnn_cifar,vsvi,True,4000,22085,5521,12261,0.60405,0.4223690353091513,0.6079,0.4384934854563908
cifar10_cnn,cnn_cifar,fsvi,True,4000,22085,13432,12261,0.60405,0.4223690353091513,0.6039,0.42174191668598454
cifar10_cnn,cnn_cifar,vsvi,True,4000,22085,93296,5437,0.59765,0.3956829417318482,0.5978,0.3963067725112859
cifar10_cnn,cnn_cifar,fsvi,True,4000,22085,4980,5437,0.59765,0.3956829417318482,0.6032,0.41881644128302836
cifar10_cnn,cnn_cifar,vsvi,True,4000,25708,8688,12261,0.57735,0.3119042550229283,0.57455,0.30043969340807636
cifar10_cnn,cnn_cifar,fsvi,True,4000,25708,11495,12261,0.57735,0.3119042550229283,0.5723,0.2912413141821938
cifar10_cnn,cnn_cifar,vsvi,True,4000,25708,21360,5437,0.5872,0.3524022631329531,0.5839,0.33880411930059623
cifar10_cnn,cnn_cifar,fsvi,True,4000,25708,49036,5437,0.5872,0.3524022631329531,0.5858,0.34662948543214933
cifar10_cnn,cnn_cifar,vsvi,True,4000,55884,68536,12261,0.59675,0.3919415482136213,0.5963,0.3900718682701652
cifar10_cnn,cnn_cifar,fsvi,True,4000,55884,23691,12261,0.59675,0.3919415482136213,0.5968,0.3921493321323923
cifar10_cnn,cnn_cifar,fsvi,True,4000,55884,71441,5437,0.59825,0.39817872217086053,0.58005,0.32297865014977944
cifar10_cnn,cnn_cifar,vsvi,True,4000,55884,96065,5437,0.59825,0.39817872217086053,0.5962,0.3896564753652337
cifar10_cnn,cnn_cifar,fsvi,True,4000,2637,65622,12261,0.60115,0.41025908106377945,0.60025,0.40650688338729873
cifar10_cnn,cnn_cifar,vsvi,True,4000,2637,66835,12261,0.60115,0.41025908106377945,0.60195,0.41359675984644817
cifar10_cnn,cnn_cifar,vsvi,True,4000,2637,44242,5437,0.5676,0.2720658595208343,0.56365,0.2559888178812199
cifar10_cnn,cnn_cifar,fsvi,True,4000,2637,19556,5437,0.5676,0.2720658595208343,0.56515,0.26209003860096614
cifar10_cnn,cnn_cifar,vsvi,True,4000,89680,12397,12261,0.60755,0.43702533578179825,0.6091,0.44353068504352966
cifar10_cnn,cnn_cifar,fsvi,True,4000,89680,29249,12261,0.60755,0.43702533578179825,0.6074,0.43639627076928794
cifar10_cnn,cnn_cifar,fsvi,True,4000,89680,27476,5437,0.59355,0.37866053630696167,0.59235,0.3736887132918485
cifar10_cnn,cnn_cifar,vsvi,True,4000,89680,38705,5437,0.59355,0.37866053630696167,0.5941,0.3809408315168436
cifar10_cnn,cnn_cifar,vsvi,True,4000,57545,23523,12261,0.59695,0.39277273406178725,0.59885,0.4006757271938508
cifar10_cnn,cnn_cifar,fsvi,True,4000,57545,92360,12261,0.59695,0.39277273406178725,0.5977,0.39589087687446606
cifar10_cnn,cnn_cifar,vsvi,True,4000,57545,29249,5437,0.59545,0.38654208396015627,0.5976,0.39547501503307825
cifar10_cnn,cnn_cifar,fsvi,True,4000,57545,61751,5437,0.59545,0.38654208396015627,0.59365,0.37907506291258747
cifar10_cnn,cnn_cifar,fsvi,True,4000,6746,52358,12261,0.5927,0.37513835413942564,0.5883,0.3569420930945515
cifar10_cnn,cnn_cifar,vsvi,True,4000,6746,47621,12261,0.5927,0.37513835413942564,0.59155,0.37037670291179364
cifar10_cnn,cnn_cifar,vsvi,True,4000,6746,38276,5437,0.59015,0.36458550277603824,0.58895,0.3596264288066509
cifar10_cnn,cnn_cifar,fsvi,True,4000,6746,54042,5437,0.59015,0.36458550277603824,0.58935,0.3612789644863773
cifar10_cnn,cnn_cifar,vsvi,True,4000,11819,38963,12261,0.60175,0.4127621278730234,0.6034,0.4196521106392653
cifar10_cnn,cnn_cifar,fsvi,True,4000,11819,93296,12261,0.60175,0.4127621278730234,0.6012,0.41046761979113594
cifar10_cnn,cnn_cifar,vsvi,True,4000,11819,59329,5437,0.6034,0.4196521106392653,0.6053,0.42759822022884
cifar10_cnn,cnn_cifar,fsvi,True,4000,11819,6200,5437,0.6034,0.4196521106392653,0.60515,0.4269704152410227
cifar10_cnn,cnn_cifar,vsvi,True,4000,67950,96385,12261,0.6018,0.4129707725658489,0.60385,0.4215328953101333
cifar10_cnn,cnn_cifar,fsvi,True,4000,67950,85918,12261,0.6018,0.4129707725658489,0.6025,0.4158927312704237
cifar10_cnn,cnn_cifar,vsvi,True,4000,67950,6582,5437,0.6116,0.45404273763773756,0.61515,0.4690124925258514
cifar10_cnn,cnn_cifar,fsvi,True,4000,67950,61220,5437,0.6116,0.45404273763773756,0.6153,0.46964614398819504
cifar10_cnn,cnn_cifar,vsvi,True,4000,11815,9819,12261,0.58595,0.34724772222490213,0.5854,0.34498117425610647
cifar10_cnn,cnn_cifar,fsvi,True,4000,11815,96070,12261,0.58595,0.34724772222490213,0.58545,0.3451871877325061
cifar10_cnn,cnn_cifar,vsvi,True,4000,11815,45704,5437,0.58565,0.3460113142208322,0.5855,0.3453932084624224
cifar10_cnn,cnn_cifar,fsvi,True,4000,11815,17505,5437,0.58565,0.3460113142208322,0.5893,0.361072370881355
cifar10_cnn,cnn_cifar,vsvi,True,4000,96070,61803,12261,0.5837,0.3379809980088156,0.58175,0.32996146231546775
cifar10_cnn,cnn_cifar,fsvi,True,4000,96070,88987,12261,0.5837,0.3379809980088156,0.582,0.3309890152066814
cifar10_cnn,cnn_cifar,vsvi,True,4000,96070,18192,5437,0.58335,0.3365408084416503,0.58235,0.33242788034674575
cifar10_cnn,cnn_cifar,fsvi,True,4000,96070,18408,5437,0.58335,0.3365408084416503,0.5798,0.321952428076655
cifar10_cnn,cnn_cifar,vsvi,True,4000,1526,71163,12261,0.59385,0.37990421272328645,0.59445,0.38239243778820015
cifar10_cnn,cnn_cifar,fsvi,True,4000,1526,39284,12261,0.59385,0.37990421272328645,0.5931,0.3767955638370365
cifar10_cnn,cnn_cifar,vsvi,True,4000,1526,79377,5437,0.5912,0.36892833074449716,0.5922,0.37306755752713583
cifar10_cnn,cnn_cifar,fsvi,True,4000,1526,78404,5437,0.5912,0.36892833074449716,0.59085,0.36748034111163375
cifar10_cnn,cnn_cifar,fsvi,True,4000,71163,65622,12261,0.58125,0.32790687376229005,0.5784,0.31620867361740246
cifar10_cnn,cnn_cifar,vsvi,True,4000,71163,86225,12261,0.58125,0.32790687376229005,0.5778,0.3137486526179146
cifar10_cnn,cnn_cifar,fsvi,True,4000,71163,19556,5437,0.58465,0.3418918393012469,0.58395,0.33900991737813546
cifar10_cnn,cnn_cifar,vsvi,True,4000,71163,45569,5437,0.58465,0.3418918393012469,0.5765,0.30842182561700476
cifar10_cnn,cnn_cifar,fsvi,True,4000,84713,11495,12261,0.5829,0.3346896438486044,0.5772,0.31128957290363346
cifar10_cnn,cnn_cifar,vsvi,True,4000,84713,38705,12261,0.5829,0.3346896438486044,0.5815,0.3289340820291892
cifar10_cnn,cnn_cifar,vsvi,True,4000,84713,33614,5437,0.5888,0.3590068532737111,0.59075,0.36706669981577295
cifar10_cnn,cnn_cifar,fsvi,True,4000,84713,75534,5437,0.5888,0.3590068532737111,0.5894,0.36148556571876134
cifar10_cnn,cnn_cifar,fsvi,True,4000,13432,15795,12261,0.60365,0.4206969004952316,0.60345,0.41986105053457845
cifar10_cnn,cnn_cifar,vsvi,True,4000,13432,55462,12261,0.60365,0.4206969004952316,0.6054,0.42801680299910344
cifar10_cnn,cnn_cifar,vsvi,True,4000,13432,52484,5437,0.60325,0.4190253450986225,0.60745,0.43660594965648675
cifar10_cnn,cnn_cifar,fsvi,True,4000,13432,95438,5437,0.60325,0.4190253450986225,0.6066,0.43304268929952217
cifar10_cnn,cnn_cifar,vsvi,True,4000,40448,77060,12261,0.57585,0.3057600438611726,0.5727,0.2928756767498324
cifar10_cnn,cnn_cifar,fsvi,True,4000,40448,48991,12261,0.57585,0.3057600438611726,0.5722,0.2908327839677048
cifar10_cnn,cnn_cifar,vsvi,True,4000,40448,86225,5437,0.5855,0.3453932084624224,0.5786,0.31702889117194605
cifar10_cnn,cnn_cifar,fsvi,True,4000,40448,51197,5437,0.5855,0.3453932084624224,0.5908,0.3672735165797534
cifar10_cnn,cnn_cifar,fsvi,True,4000,45569,39284,12261,0.61115,0.4521487630823193,0.6147,0.46711209228085204
cifar10_cnn,cnn_cifar,vsvi,True,4000,45569,89911,12261,0.61115,0.4521487630823193,0.61565,0.47112502444373966
cifar10_cnn,cnn_cifar,fsvi,True,4000,45569,60752,5437,0.6067,0.43346175551048843,0.6086,0.441431182500895
cifar10_cnn,cnn_cifar,vsvi,True,4000,45569,94589,5437,0.6067,0.43346175551048843,0.60985,0.44668174472647704
cifar10_cnn,cnn_cifar,vsvi,True,4000,39284,22406,12261,0.5887,0.35859384079783724,0.5895,0.36189879108494283
cifar10_cnn,cnn_cifar,fsvi,True,4000,39284,45569,12261,0.5887,0.35859384079783724,0.5828,0.3342783511944324
cifar10_cnn,cnn_cifar,vsvi,True,4000,39284,92897,5437,0.57685,0.3098555412571835,0.576,0.30637420546393324
cifar10_cnn,cnn_cifar,fsvi,True,4000,39284,33916,5437,0.57685,0.3098555412571835,0.57415,0.2988035146351087
cifar10_cnn,cnn_cifar,vsvi,True,4000,47621,11815,12261,0.5881,0.35611640002387507,0.58965,0.3625186864602583
cifar10_cnn,cnn_cifar,fsvi,True,4000,47621,27469,12261,0.5881,0.35611640002387507,0.58835,0.3571485351655031
cifar10_cnn,cnn_cifar,vsvi,True,4000,47621,80051,5437,0.5882,0.3565292315262053,0.59105,0.3683077170154027
cifar10_cnn,cnn_cifar,fsvi,True,4000,47621,1693,5437,0.5882,0.3565292315262053,0.59105,0.3683077170154027
cifar10_cnn,cnn_cifar,fsvi,True,4000,64007,3228,12261,0.6078,0.4380739667204468,0.6085,0.44101139699672426
cifar10_cnn,cnn_cifar,vsvi,True,4000,64007,62875,12261,0.6078,0.4380739667204468,0.605,0.42634269312971956
cifar10_cnn,cnn_cifar,vsvi,True,4000,64007,35296,5437,0.58075,0.3258529709472002,0.5807,0.3256476182012871
cifar10_cnn,cnn_cifar,fsvi,True,4000,64007,12306,5437,0.58075,0.3258529709472002,0.5793,0.31990048750610345
cifar10_cnn,cnn_cifar,vsvi,True,4000,57864,95574,12261,0.59395,0.38031883600712857,0.59535,0.38612697195547346
cifar10_cnn,cnn_cifar,fsvi,True,4000,57864,10860,12261,0.59395,0.38031883600712857,0.59345,0.3782460418486678
cifar10_cnn,cnn_cifar,vsvi,True,4000,57864,55974,5437,0.5983,0.3983867590307498,0.5983,0.3983867590307498
cifar10_cnn,cnn_cifar,fsvi,True,4000,57864,43602,5437,0.5983,0.3983867590307498,0.5976,0.39547501503307825
cifar10_cnn,cnn_cifar,vsvi,True,4000,52747,75534,12261,0.6023,0.4150577078360302,0.6032,0.41881644128302836
cifar10_cnn,cnn_cifar,fsvi,True,4000,52747,96385,12261,0.6023,0.4150577078360302,0.6023,0.4150577078360302
cifar10_cnn,cnn_cifar,vsvi,True,4000,52747,63200,5437,0.5967,0.39173377264871384,0.59635,0.3902795771836537
cifar10_cnn,cnn_cifar,fsvi,True,4000,52747,38142,5437,0.5967,0.39173377264871384,0.59735,0.3944355080216791
cifar10_cnn,cnn_cifar,vsvi,True,4000,86542,81596,12261,0.5969,0.392564925051484,0.59535,0.38612697195547346
cifar10_cnn,cnn_cifar,fsvi,True,4000,86542,47460,12261,0.5969,0.392564925051484,0.59695,0.39277273406178725
cifar10_cnn,cnn_cifar,vsvi,True,4000,86542,40740,5437,0.59885,0.4006757271938508,0.6,0.4054651081081642
cifar10_cnn,cnn_cifar,fsvi,True,4000,86542,61803,5437,0.59885,0.4006757271938508,0.59845,0.39901092068490834
cifar10_cnn,cnn_cifar,vsvi,True,4000,71798,61616,12261,0.59055,0.36623951034165897,0.5899,0.36355199861101595
cifar10_cnn,cnn_cifar,fsvi,True,4000,71798,25708,12261,0.59055,0.36623951034165897,0.59355,0.37866053630696167
cifar10_cnn,cnn_cifar,vsvi,True,4000,71798,72911,5437,0.58385,0.3385983283296197,0.5807,0.3256476182012871
cifar10_cnn,cnn_cifar,fsvi,True,4000,71798,77255,5437,0.58385,0.3385983283296197,0.58525,0.34436317730046656
cifar10_cnn,cnn_cifar,fsvi,True,4000,57873,33916,12261,0.5932,0.3772099460893719,0.59445,0.38239243778820015
cifar10_cnn,cnn_cifar,vsvi,True,4000,57873,94104,12261,0.5932,0.3772099460893719,0.59435,0.3819776525855595
cifar10_cnn,cnn_cifar,vsvi,True,4000,57873,68536,5437,0.5877,0.3544653739057504,0.5891,0.3602460726382774
cifar10_cnn,cnn_cifar,fsvi,True,4000,57873,13510,5437,0.5877,0.3544653739057504,0.58605,0.3476599165843743
cifar10_cnn,cnn_cifar,vsvi,True,4000,64258,71441,12261,0.58335,0.3365408084416503,0.5818,0.330166959066568
cifar10_cnn,cnn_cifar,fsvi,True,4000,64258,6746,12261,0.58335,0.3365408084416503,0.58205,0.3311945465490847
cifar10_cnn,cnn_cifar,vsvi,True,4000,64258,57545,5437,0.5708,0.28511587484613776,0.5663,0.26677092227843885
cifar10_cnn,cnn_cifar,fsvi,True,4000,64258,36531,5437,0.5708,0.28511587484613776,0.56675,0.26860336079192276
cifar10_cnn,cnn_cifar,vsvi,True,4000,94951,3207,12261,0.595,0.38467433843909055,0.599,0.4013001708088801
cifar10_cnn,cnn_cifar,fsvi,True,4000,94951,26346,12261,0.595,0.38467433843909055,0.5962,0.3896564753652337
cifar10_cnn,cnn_cifar,vsvi,True,4000,94951,55884,5437,0.58455,0.34148005034183765,0.58185,0.3303724627265511
cifar10_cnn,cnn_cifar,fsvi,True,4000,94951,61304,5437,0.58455,0.34148005034183765,0.5852,0.3441571927905972
cifar10_cnn,cnn_cifar,vsvi,True,4000,43545,22085,12261,0.59235,0.3736887132918485,0.58975,0.36293198831758405
cifar10_cnn,cnn_cifar,fsvi,True,4000,43545,43602,12261,0.59235,0.3736887132918485,0.5905,0.366032732344293
cifar10_cnn,cnn_cifar,fsvi,True,4000,43545,84713,5437,0.5746,0.3006442437790523,0.57165,0.288586297577926
cifar10_cnn,cnn_cifar,vsvi,True,4000,43545,61751,5437,0.5746,0.3006442437790523,0.56955,0.2800154022419574
cifar10_cnn,cnn_cifar,fsvi,True,4000,31259,22085,12261,0.57825,0.315593579685471,0.57265,0.29267136023169826
cifar10_cnn,cnn_cifar,vsvi,True,4000,31259,45637,12261,0.57825,0.315593579685471,0.57255,0.2922627453871057
cifar10_cnn,cnn_cifar,vsvi,True,4000,31259,40740,5437,0.60335,0.41944317977159806,0.60595,0.4303196696148378
cifar10_cnn,cnn_cifar,fsvi,True,4000,31259,77375,5437,0.60335,0.41944317977159806,0.6053,0.42759822022884
cifar10_cnn,cnn_cifar,fsvi,True,4000,92274,60255,12261,0.59965,0.40400698715908734,0.5984,0.3988028582827482
cifar10_cnn,cnn_cifar,vsvi,True,4000,92274,33857,12261,0.59965,0.40400698715908734,0.6007,0.4083826277869402
cifar10_cnn,cnn_cifar,vsvi,True,4000,92274,11025,5437,0.6089,0.4426907688530599,0.6111,0.4519383707391682
cifar10_cnn,cnn_cifar,fsvi,True,4000,92274,11815,5437,0.6089,0.4426907688530599,0.6104,0.44899390820186746
cifar10_cnn,cnn_cifar,vsvi,True,4000,5524,75534,12261,0.58355,0.3373637314770132,0.58215,0.3316056300355796
cifar10_cnn,cnn_cifar,fsvi,True,4000,5524,43068,12261,0.58355,0.3373637314770132,0.5823,0.33222230733994484
cifar10_cnn,cnn_cifar,vsvi,True,4000,5524,79427,5437,0.5745,0.30023514927538164,0.5724,0.2916498685314058
cifar10_cnn,cnn_cifar,fsvi,True,4000,5524,95436,5437,0.5745,0.30023514927538164,0.57175,0.2889946956986611
cifar10_cnn,cnn_cifar,vsvi,True,4000,5521,60393,12261,0.58525,0.34436317730046656,0.5856,0.34580527170182856
cifar10_cnn,cnn_cifar,fsvi,True,4000,5521,80368,12261,0.58525,0.34436317730046656,0.5861,0.3478660247276966
cifar10_cnn,cnn_cifar,vsvi,True,4000,5521,32358,5437,0.57375,0.2971677327770283,0.5741,0.2985990202444235
cifar10_cnn,cnn_cifar,fsvi,True,4000,5521,86225,5437,0.57375,0.2971677327770283,0.56685,0.2690106301274582
cifar10_cnn,cnn_cifar,vsvi,True,4000,19556,49781,12261,0.60835,0.44038179042021036,0.60855,0.4412212849666429
cifar10_cnn,cnn_cifar,fsvi,True,4000,19556,51265,12261,0.60835,0.44038179042021036,0.60815,0.4395424485655716
cifar10_cnn,cnn_cifar,vsvi,True,4000,19556,1897,5437,0.5945,0.382599842575369,0.5964,0.3904872944111296
cifar10_cnn,cnn_cifar,fsvi,True,4000,19556,83745,5437,0.5945,0.382599842575369,0.5926,0.3747241313467595
cifar10_cnn,cnn_cifar,fsvi,True,4000,6324,78662,12261,0.59175,0.3712045165435188,0.58935,0.3612789644863773
cifar10_cnn,cnn_cifar,vsvi,True,4000,6324,86542,12261,0.59175,0.3712045165435188,0.5916,0.37058364454613424
cifar10_cnn,cnn_cifar,vsvi,True,4000,6324,28648,5437,0.5901,0.36437878655283107,0.59015,0.36458550277603824
cifar10_cnn,cnn_cifar,fsvi,True,4000,6324,55289,5437,0.5901,0.36437878655283107,0.58985,0.3633453208390925
cifar10_cnn,cnn_cifar,vsvi,True,4000,94459,63200,12261,0.604,0.4221599866803343,0.6082,0.4397522697328238
cifar10_cnn,cnn_cifar,fsvi,True,4000,94459,25682,12261,0.604,0.4221599866803343,0.6076,0.4372350430304099
cifar10_cnn,cnn_cifar,vsvi,True,4000,94459,9071,5437,0.59815,0.39776267395818565,0.59805,0.3973466597215038
cifar10_cnn,cnn_cifar,fsvi,True,4000,94459,69878,5437,0.59815,0.39776267395818565,0.59875,0.4002594742808994
cifar10_cnn,cnn_cifar,vsvi,True,4000,36094,78662,12261,0.5895,0.36189879108494283,0.5878,0.3548780855284583
cifar10_cnn,cnn_cifar,fsvi,True,4000,36094,39978,12261,0.5895,0.36189879108494283,0.58655,0.34972132778355375
cifar10_cnn,cnn_cifar,vsvi,True,4000,36094,56143,5437,0.606,0.4305290767713805,0.60935,0.4445807968267579
cifar10_cnn,cnn_cifar,fsvi,True,4000,36094,16593,5437,0.606,0.4305290767713805,0.6115,0.4536217853195251
cifar10_cnn,cnn_cifar,vsvi,True,4000,42167,11819,12261,0.57835,0.3160036357207602,0.57825,0.315593579685471
cifar10_cnn,cnn_cifar,fsvi,True,4000,42167,3236,12261,0.57835,0.3160036357207602,0.57575,0.3053506345864589
cifar10_cnn,cnn_cifar,vsvi,True,4000,42167,58881,5437,0.5756,0.30473656827338474,0.5698,0.28103520523017805
cifar10_cnn,cnn_cifar,fsvi,True,4000,42167,30546,5437,0.5756,0.30473656827338474,0.5698,0.28103520523017805
cifar10_cnn,cnn_cifar,vsvi,True,4000,28854,60255,12261,0.5645,0.2594455872971592,0.5574,0.23061668743089853
cifar10_cnn,cnn_cifar,fsvi,True,4000,28854,67950,12261,0.5645,0.2594455872971592,0.55665,0.2275771503487002
cifar10_cnn,cnn_cifar,fsvi,True,4000,28854,4847,5437,0.6099,0.4468918927897998,0.6128,0.4590972630239597
cifar10_cnn,cnn_cifar,vsvi,True,4000,28854,69878,5437,0.6099,0.4468918927897998,0.6148,0.4675343317404704
cifar10_cnn,cnn_cifar,vsvi,True,4000,7427,59530,12261,0.60375,0.4211148797752921,0.60355,0.42027895742872823
cifar10_cnn,cnn_cifar,fsvi,True,4000,7427,51197,12261,0.60375,0.4211148797752921,0.6049,0.42592425769552344
cifar10_cnn,cnn_cifar,vsvi,True,4000,7427,15275,5437,0.60565,0.4290634216188114,0.61155,0.4538322565369424
cifar10_cnn,cnn_cifar,fsvi,True,4000,7427,52747,5437,0.60565,0.4290634216188114,0.6056,0.4288540793947587
cifar10_cnn,cnn_cifar,vsvi,True,4000,52484,47934,12261,0.6032,0.41881644128302836,0.60055,0.40775730107244845
cifar10_cnn,cnn_cifar,fsvi,True,4000,52484,68927,12261,0.6032,0.41881644128302836,0.60335,0.41944317977159806
cifar10_cnn,cnn_cifar,vsvi,True,4000,52484,46807,5437,0.5906,0.36644629608263324,0.58995,0.3637586840635079
cifar10_cnn,cnn_cifar,fsvi,True,4000,52484,38963,5437,0.5906,0.36644629608263324,0.59075,0.36706669981577295
cifar10_cnn,cnn_cifar,fsvi,True,4000,61701,68781,12261,0.6052,0.42717967435487414,0.6085,0.44101139699672426
cifar10_cnn,cnn_cifar,vsvi,True,4000,61701,68781,12261,0.6052,0.42717967435487414,0.6085,0.44101139699672426
cifar10_cnn,cnn_cifar,vsvi,True,4000,61701,2674,5437,0.60225,0.4148489742770842,0.6093,0.4443707551934236
cifar10_cnn,cnn_cifar,fsvi,True,4000,61701,11025,5437,0.60225,0.4148489742770842,0.60805,0.43912283479227726
cifar10_cnn,cnn_cifar,vsvi,True,4000,45637,8688,12261,0.6047,0.4250874969765274,0.6061,0.4309479189803791
cifar10_cnn,cnn_cifar,fsvi,True,4000,45637,84908,12261,0.6047,0.4250874969765274,0.60615,0.43115735404325883
cifar10_cnn,cnn_cifar,vsvi,True,4000,45637,34164,5437,0.59205,0.3724464729021564,0.5904,0.3656191995609649
cifar10_cnn,cnn_cifar,fsvi,True,4000,45637,76078,5437,0.59205,0.3724464729021564,0.59095,0.3678940134985423
cifar10_cnn,cnn_cifar,vsvi,True,4000,28853,52232,12261,0.59355,0.37866053630696167,0.59585,0.38820286135696175
cifar10_cnn,cnn_cifar,fsvi,True,4000,28853,18602,12261,0.59355,0.37866053630696167,0.59545,0.38654208396015627
cifar10_cnn,cnn_cifar,vsvi,True,4000,28853,62875,5437,0.59835,0.398594804399704,0.5933,0.37762436035141894
cifar10_cnn,cnn_cifar,fsvi,True,4000,28853,66835,5437,0.59835,0.398594804399704,0.59835,0.398594804399704
cifar10_cnn,cnn_cifar,fsvi,True,4000,80051,49781,12261,0.5938,0.3796969131833751,0.59325,0.377417149216726
cifar10_cnn,cnn_cifar,vsvi,True,4000,80051,97502,12261,0.5938,0.3796969131833751,0.5932,0.3772099460893719
cifar10_cnn,cnn_cifar,vsvi,True,4000,80051,72634,5437,0.57075,0.28491178563231984,0.56085,0.24461244972810578
cifar10_cnn,cnn_cifar,fsvi,True,4000,80051,4149,5437,0.57075,0.28491178563231984,0.5615,0.24725196236626015
cifar10_cnn,cnn_cifar,vsvi,True,4000,56565,87124,12261,0.5964,0.3904872944111296,0.59385,0.37990421272328645
cifar10_cnn,cnn_cifar,fsvi,True,4000,56565,54224,12261,0.5964,0.3904872944111296,0.5946,0.3830146765460978
cifar10_cnn,cnn_cifar,vsvi,True,4000,56565,96502,5437,0.5956,0.3871648136635377,0.59605,0.3890334482382928
cifar10_cnn,cnn_cifar,fsvi,True,4000,56565,11506,5437,0.5956,0.3871648136635377,0.59665,0.39152600543268135
cifar10_cnn,cnn_cifar,vsvi,True,4000,24846,34164,12261,0.5843,0.3404507033017997,0.5812,0.32770145269974627
cifar10_cnn,cnn_cifar,fsvi,True,4000,24846,46642,12261,0.5843,0.3404507033017997,0.5832,0.3359236902552914
cifar10_cnn,cnn_cifar,vsvi,True,4000,24846,60242,5437,0.58965,0.3625186864602583,0.5904,0.3656191995609649
cifar10_cnn,cnn_cifar,fsvi,True,4000,24846,710,5437,0.58965,0.3625186864602583,0.5899,0.36355199861101595
cifar10_cnn,cnn_cifar,vsvi,True,4000,19727,91469,12261,0.58675,0.35054609802999925,0.5828,0.3342783511944324
cifar10_cnn,cnn_cifar,fsvi,True,4000,19727,52484,12261,0.58675,0.35054609802999925,0.5842,0.34003901452972823
cifar10_cnn,cnn_cifar,vsvi,True,4000,19727,4847,5437,0.58135,0.3283177364641765,0.5768,0.30965070542664963
cifar10_cnn,cnn_cifar,fsvi,True,4000,19727,60994,5437,0.58135,0.3283177364641765,0.57685,0.3098555412571835
cifar10_cnn,cnn_cifar,vsvi,True,4000,1297,91260,12261,0.5943,0.3817702721602136,0.5967,0.39173377264871384
cifar10_cnn,cnn_cifar,fsvi,True,4000,1297,64880,12261,0.5943,0.3817702721602136,0.5953,0.3859194282775247
cifar10_cnn,cnn_cifar,vsvi,True,4000,1297,24707,5437,0.59075,0.36706669981577295,0.58895,0.3596264288066509
cifar10_cnn,cnn_cifar,fsvi,True,4000,1297,6582,5437,0.59075,0.36706669981577295,0.5904,0.3656191995609649
cifar10_cnn,cnn_cifar,fsvi,True,4000,63665,91469,12261,0.5745,0.30023514927538164,0.5696,0.2802193512501914
cifar10_cnn,cnn_cifar,vsvi,True,4000,63665,92360,12261,0.5745,0.30023514927538164,0.5686,0.2761414652618434
cifar10_cnn,cnn_cifar,vsvi,True,4000,63665,68927,5437,0.5792,0.3194901796480067,0.57725,0.31149446045591517
cifar10_cnn,cnn_cifar,fsvi,True,4000,63665,54042,5437,0.5792,0.3194901796480067,0.57695,0.3102652322701666
cifar10_cnn,cnn_cifar,vsvi,True,4000,66835,42167,12261,0.5859,0.34704163599922133,0.5863,0.3486905305028037
cifar10_cnn,cnn_cifar,fsvi,True,4000,66835,35161,12261,0.5859,0.34704163599922133,0.58435,0.340656558402069
cifar10_cnn,cnn_cifar,vsvi,True,4000,66835,43634,5437,0.5983,0.3983867590307498,0.5998,0.4046318441652756
cifar10_cnn,cnn_cifar,fsvi,True,4000,66835,43545,5437,0.5983,0.3983867590307498,0.6011,0.41005055113375527
cifar10_cnn,cnn_cifar,vsvi,True,4000,41136,30496,12261,0.59225,0.37327460153777187,0.59265,0.37493123876885864
cifar10_cnn,cnn_cifar,fsvi,True,4000,41136,17271,12261,0.59225,0.37327460153777187,0.58845,0.3575614419050185
cifar10_cnn,cnn_cifar,fsvi,True,4000,41136,75701,5437,0.58355,0.3373637314770132,0.58245,0.3328390472465476
cifar10_cnn,cnn_cifar,vsvi,True,4000,41136,710,5437,0.58355,0.3373637314770132,0.5827,0.33386708655152164
cifar10_cnn,cnn_cifar,vsvi,True,4000,85270,57864,12261,0.59635,0.3902795771836537,0.5962,0.3896564753652337
cifar10_cnn,cnn_cifar,fsvi,True,4000,85270,64880,12261,0.59635,0.3902795771836537,0.59985,0.4048401471478818
cifar10_cnn,cnn_cifar,vsvi,True,4000,85270,50627,5437,0.59795,0.3969306794206583,0.59745,0.3948512855497733
cifar10_cnn,cnn_cifar,fsvi,True,4000,85270,15984,5437,0.59795,0.3969306794206583,0.5989,0.40088386649440944
cifar10_cnn,cnn_cifar,vsvi,True,4000,20760,72745,12261,0.5946,0.3830146765460978,0.5906,0.36644629608263324
cifar10_cnn,cnn_cifar,fsvi,True,4000,20760,78871,12261,0.5946,0.3830146765460978,0.5973,0.3942276318808521
cifar10_cnn,cnn_cifar,vsvi,True,4000,20760,43634,5437,0.59175,0.3712045165435188,0.59335,0.3778315794983641
cifar10_cnn,cnn_cifar,fsvi,True,4000,20760,28406,5437,0.59175,0.3712045165435188,0.5918,0.37141148959036474
cifar10_cnn,cnn_cifar,vsvi,True,4000,4385,76890,12261,0.58715,0.3521959929476524,0.58425,0.3402448553459305
cifar10_cnn,cnn_cifar,fsvi,True,4000,4385,51197,12261,0.58715,0.3521959929476524,0.5867,0.35033989441412755
cifar10_cnn,cnn_cifar,vsvi,True,4000,4385,52358,5437,0.5986,0.39963515905636093,0.60615,0.43115735404325883
cifar10_cnn,cnn_cifar,fsvi,True,4000,4385,70972,5437,0.5986,0.39963515905636093,0.60465,0.4248783297143486
cifar10_cnn,cnn_cifar,fsvi,True,4000,69878,43068,12261,0.58965,0.3625186864602583,0.587,0.3515772268670635
cifar10_cnn,cnn_cifar,vsvi,True,4000,69878,37792,12261,0.58965,0.3625186864602583,0.58865,0.35838734590926646
cifar10_cnn,cnn_cifar,vsvi,True,4000,69878,16593,5437,0.58665,0.35013369817094825,0.58685,0.3509585273989394
cifar10_cnn,cnn_cifar,fsvi,True,4000,69878,33916,5437,0.58665,0.35013369817094825,0.5821,0.33140008482382
cifar10_cnn,cnn_cifar,vsvi,True,4000,11506,48185,12261,0.5896,0.36231204701856706,0.5892,0.36065920653407174
cifar10_cnn,cnn_cifar,fsvi,True,4000,11506,710,12261,0.5896,0.36231204701856706,0.59205,0.3724464729021564
cifar10_cnn,cnn_cifar,vsvi,True,4000,11506,64258,5437,0.57215,0.2906285278996601,0.57165,0.288586297577926
cifar10_cnn,cnn_cifar,fsvi,True,4000,11506,40448,5437,0.57215,0.2906285278996601,0.57155,0.2881779233566596
cifar10_cnn,cnn_cifar,vsvi,True,4000,23691,81886,12261,0.588,0.3557035985491004,0.58405,0.3394215348718083
cifar10_cnn,cnn_cifar,fsvi,True,4000,23691,15795,12261,0.588,0.3557035985491004,0.58275,0.33407271537392197
cifar10_cnn,cnn_cifar,vsvi,True,4000,23691,38678,5437,0.5897,0.36272533355831804,0.58565,0.3460113142208322
cifar10_cnn,cnn_cifar,fsvi,True,4000,23691,43602,5437,0.5897,0.36272533355831804,0.58725,0.352608540738785
cifar10_cnn,cnn_cifar,vsvi,True,4000,9366,61803,12261,0.58305,0.3353066354333474,0.5784,0.31620867361740246
cifar10_cnn,cnn_cifar,fsvi,True,4000,9366,91260,12261,0.58305,0.3353066354333474,0.586,0.34745381575169815
cifar10_cnn,cnn_cifar,vsvi,True,4000,9366,93072,5437,0.59615,0.3894487913638355,0.59875,0.4002594742808994
cifar10_cnn,cnn_cifar,fsvi,True,4000,9366,56886,5437,0.59615,0.3894487913638355,0.5985,0.3992189916112116
cifar10_cnn,cnn_cifar,vsvi,True,4000,29900,97389,12261,0.5892,0.36065920653407174,0.589,0.35983296915535207
cifar10_cnn,cnn_cifar,fsvi,True,4000,29900,39283,12261,0.5892,0.36065920653407174,0.593,0.3763812135551304
cifar10_cnn,cnn_cifar,vsvi,True,4000,29900,15275,5437,0.5848,0.3425095765838898,0.58645,0.3493089868295988
cifar10_cnn,cnn_cifar,fsvi,True,4000,29900,93296,5437,0.5848,0.3425095765838898,0.5773,0.31169935449414377
cifar10_cnn,cnn_cifar,fsvi,True,4000,82125,4847,12261,0.59575,0.3877876175216353,0.5971,0.39339621135564506
cifar10_cnn,cnn_cifar,vsvi,True,4000,82125,78461,12261,0.59575,0.3877876175216353,0.59575,0.3877876175216353
cifar10_cnn,cnn_cifar,vsvi,True,4000,82125,22085,5437,0.5982,0.3979706938150135,0.5974,0.3946433925763185
cifar10_cnn,cnn_cifar,fsvi,True,4000,82125,9940,5437,0.5982,0.3979706938150135,0.5994,0.4029657316508451
cifar10_cnn,cnn_cifar,vsvi,True,4000,71886,17485,12261,0.5937,0.3792823382829487,0.59515,0.38529684648176526
cifar10_cnn,cnn_cifar,fsvi,True,4000,71886,96079,12261,0.5937,0.3792823382829487,0.5989,0.40088386649440944
cifar10_cnn,cnn_cifar,vsvi,True,4000,71886,60752,5437,0.5884,0.3573549847673881,0.58775,0.35467172598047064
cifar10_cnn,cnn_cifar,fsvi,True,4000,71886,25966,5437,0.5884,0.3573549847673881,0.59355,0.37866053630696167
cifar10_cnn,cnn_cifar,vsvi,True,4000,72911,68536,12261,0.59335,0.3778315794983641,0.5946,0.3830146765460978
cifar10_cnn,cnn_cifar,fsvi,True,4000,72911,28406,12261,0.59335,0.3778315794983641,0.5915,0.370169769118384
cifar10_cnn,cnn_cifar,fsvi,True,4000,72911,2637,5437,0.60255,0.4161015094542793,0.60775,0.4378642215830908
cifar10_cnn,cnn_cifar,vsvi,True,4000,72911,88987,5437,0.60255,0.4161015094542793,0.6067,0.43346175551048843
cifar10_cnn,cnn_cifar,vsvi,True,4000,16593,96385,12261,0.58175,0.32996146231546775,0.5779,0.31415859053527906
cifar10_cnn,cnn_cifar,fsvi,True,4000,16593,62875,12261,0.58175,0.32996146231546775,0.57405,0.2983945320509712
cifar10_cnn,cnn_cifar,vsvi,True,4000,16593,11495,5437,0.58975,0.36293198831758405,0.5836,0.3375694799078168
cifar10_cnn,cnn_cifar,fsvi,True,4000,16593,18408,5437,0.58975,0.36293198831758405,0.58365,0.337775235416844
cifar10_cnn,cnn_cifar,vsvi,True,4000,44242,23691,12261,0.58725,0.352608540738785,0.58955,0.3621054152284073
cifar10_cnn,cnn_cifar,fsvi,True,4000,44242,67424,12261,0.58725,0.352608540738785,0.58475,0.34230365697088416
cifar10_cnn,cnn_cifar,vsvi,True,4000,44242,75534,5437,0.59745,0.3948512855497733,0.5957,0.3875800079879166
cifar10_cnn,cnn_cifar,fsvi,True,4000,44242,9940,5437,0.59745,0.3948512855497733,0.5977,0.39589087687446606
cifar10_cnn,cnn_cifar,vsvi,True,4000,87251,4980,12261,0.60725,0.43576729074655113,0.6085,0.44101139699672426
cifar10_cnn,cnn_cifar,fsvi,True,4000,87251,98088,12261,0.60725,0.43576729074655113,0.60805,0.43912283479227726
cifar10_cnn,cnn_cifar,vsvi,True,4000,87251,74057,5437,0.59745,0.3948512855497733,0.59855,0.3994270710666859
cifar10_cnn,cnn_cifar,fsvi,True,4000,87251,4385,5437,0.59745,0.3948512855497733,0.59375,0.3794896217049037
cifar10_cnn,cnn_cifar,vsvi,True,4000,92360,18060,12261,0.59935,0.4027575064290294,0.5995,0.4033822079591551
cifar10_cnn,cnn_cifar,fsvi,True,4000,92360,54042,12261,0.59935,0.4027575064290294,0.5993,0.4025492898220409
cifar10_cnn,cnn_cifar,vsvi,True,4000,92360,43068,5437,0.59765,0.3956829417318482,0.5988,0.40046759645769275
cifar10_cnn,cnn_cifar,fsvi,True,4000,92360,52911,5437,0.59765,0.3956829417318482,0.5979,0.39672270198363035
cifar10_cnn,cnn_cifar,vsvi,True,4000,32985,74467,12261,0.5937,0.3792823382829487,0.59295,0.37617405039081736
cifar10_cnn,cnn_cifar,fsvi,True,4000,32985,18792,12261,0.5937,0.3792823382829487,0.5912,0.36892833074449716
cifar10_cnn,cnn_cifar,vsvi,True,4000,32985,3228,5437,0.58445,0.341068290054744,0.57695,0.3102652322701666
cifar10_cnn,cnn_cifar,fsvi,True,4000,32985,72129,5437,0.58445,0.341068290054744,0.58395,0.33900991737813546
cifar10_cnn,cnn_cifar,vsvi,True,4000,13510,75934,12261,0.58865,0.35838734590926646,0.58605,0.3476599165843743
cifar10_cnn,cnn_cifar,fsvi,True,4000,13510,5779,12261,0.58865,0.35838734590926646,0.58815,0.3563228120191924
cifar10_cnn,cnn_cifar,vsvi,True,4000,13510,4587,5437,0.58795,0.3554972090600321,0.5741,0.2985990202444235
cifar10_cnn,cnn_cifar,fsvi,True,4000,13510,47621,5437,0.58795,0.3554972090600321,0.5879,0.35529082706343745
cifar10_cnn,cnn_cifar,vsvi,True,4000,58608,59530,12261,0.5821,0.33140008482382,0.5737,0.29696328783666065
cifar10_cnn,cnn_cifar,fsvi,True,4000,58608,92360,12261,0.5821,0.33140008482382,0.5734,0.2957367474120194
cifar10_cnn,cnn_cifar,vsvi,True,4000,58608,29900,5437,0.5941,0.3809408315168436,0.59625,0.3898641676656845
cifar10_cnn,cnn_cifar,fsvi,True,4000,58608,32305,5437,0.5941,0.3809408315168436,0.5962,0.3896564753652337
cifar10_cnn,cnn_cifar,vsvi,True,4000,97502,61304,12261,0.5979,0.39672270198363035,0.5998,0.4046318441652756
cifar10_cnn,cnn_cifar,fsvi,True,4000,97502,43545,12261,0.5979,0.39672270198363035,0.59875,0.4002594742808994
cifar10_cnn,cnn_cifar,vsvi,True,4000,97502,41136,5437,0.59475,0.38363698856728157,0.5982,0.3979706938150135
cifar10_cnn,cnn_cifar,fsvi,True,4000,97502,7093,5437,0.59475,0.38363698856728157,0.59785,0.39651473301551093
cifar10_cnn,cnn_cifar,vsvi,True,4000,19679,13510,12261,0.5917,0.37099755135711826,0.592,0.3722394604798438
cifar10_cnn,cnn_cifar,fsvi,True,4000,19679,67907,12261,0.5917,0.37099755135711826,0.59155,0.37037670291179364
cifar10_cnn,cnn_cifar,vsvi,True,4000,19679,94459,5437,0.5818,0.330166959066568,0.5797,0.3215419863346161
cifar10_cnn,cnn_cifar,fsvi,True,4000,19679,37553,5437,0.5818,0.330166959066568,0.57975,0.3217472038469161
cifar10_cnn,cnn_cifar,vsvi,True,4000,28896,9366,12261,0.57905,0.31887476784671354,0.57875,0.31764412373387235
cifar10_cnn,cnn_cifar,fsvi,True,4000,28896,710,12261,0.57905,0.31887476784671354,0.57855,0.3168238268788554
cifar10_cnn,cnn_cifar,vsvi,True,4000,28896,99300,5437,0.57625,0.3073979356161984,0.5706,0.284299553334719
cifar10_cnn,cnn_cifar,fsvi,True,4000,28896,9071,5437,0.57625,0.3073979356161984,0.57605,0.3065789387340504
cifar10_cnn,cnn_cifar,vsvi,True,4000,94433,55884,12261,0.58465,0.3418918393012469,0.5844,0.34086242065147215
cifar10_cnn,cnn_cifar,fsvi,True,4000,94433,49781,12261,0.58465,0.3418918393012469,0.58115,0.3274960384898988
